Deliverable,New Efforts,Old efforts
Single Template,5,5
Global Header Navigation pattern,8,5
Global Footer Navigation pattern,5,3
Page footer disclosures,3,2
Text component,3,2
Text component (tables),3,2
Title component,3,2
Button / Download component,5,3
Containers / grid system,3,2
Image component,3,3
Navigation component,5,5
Multi-link component,5,5
Search component,8,5
Breadcrumb component,3,2
Video player/embed styling,5,2
Hero and promo banner patterns,5,4
Teaser component,5,3
Carousel component / pattern,8,4
Card container component / pattern,5,3
Form components,8,5
Contact form pattern,5,3
Modal component,3,2
Cookie banner pattern,3,3
Cookie preferences modal pattern,3,2
People card component,5,5
People listing pattern,3,2
People profile detail pattern,3,3
Vertical tab component,3,2
Horizontal tab component,3,2
Pullquote component,5,3
Accordion component,5,2
Search results pattern/template,5,2
,,
Total,144,98
